{
  "noEscape": {
    "js": {
      "time": 84.477583,
      "ops": 7102475.931395907
    },
    "rust": {
      "time": 1731.997917,
      "ops": 346420.73995057814
    }
  },
  "needEscape": {
    "js": {
      "time": 1252.494958,
      "ops": 399203.2038184061
    },
    "rust": {
      "time": 2734.742834,
      "ops": 182832.54782997997
    }
  },
  "edge": {
    "js": {
      "time": 35.757875,
      "ops": 13982933.829261387
    },
    "rust": {
      "time": 152.663417,
      "ops": 3275178.8858492533
    }
  },
  "primitives": {
    "js": {
      "time": 17.893959,
      "ops": 27942391.06058084
    },
    "rust": {
      "time": 3.11975,
      "ops": 160269252.34393784
    }
  }
}