{
  "noEscape": {
    "js": {
      "time": 85.54775,
      "ops": 7013626.892583382
    },
    "rust": {
      "time": 2258.991167,
      "ops": 265605.28822112037
    }
  },
  "needEscape": {
    "js": {
      "time": 1655.42225,
      "ops": 302037.74293839536
    },
    "rust": {
      "time": 3541.126208,
      "ops": 141198.01741898266
    }
  },
  "edge": {
    "js": {
      "time": 46.665541,
      "ops": 10714544.164397452
    },
    "rust": {
      "time": 193.554792,
      "ops": 2583247.848495531
    }
  },
  "primitives": {
    "js": {
      "time": 23.775,
      "ops": 21030494.216614094
    },
    "rust": {
      "time": 4.203833,
      "ops": 118939072.98410758
    }
  }
}