{
  "htmlContent": {
    "js": {
      "time": 37.97175,
      "ops": 263353.6774049129
    },
    "rust": {
      "time": 56.068542,
      "ops": 178353.1307091952
    }
  },
  "userInputs": {
    "js": {
      "time": 25.642875,
      "ops": 2339831.239671839
    },
    "rust": {
      "time": 35.153125,
      "ops": 1706818.3838563429
    }
  },
  "jsonData": {
    "js": {
      "time": 18.927208,
      "ops": 528339.9432182496
    },
    "rust": {
      "time": 29.997084,
      "ops": 333365.7364829195
    }
  },
  "mixedTexts": {
    "js": {
      "time": 204.155959,
      "ops": 489821.6074114202
    },
    "rust": {
      "time": 293.107666,
      "ops": 341171.5611696079
    }
  }
}