{
  "htmlContent": {
    "js": {
      "time": 30.293417,
      "ops": 330104.7220919317
    },
    "rust": {
      "time": 42.197125,
      "ops": 236982.96981133192
    }
  },
  "userInputs": {
    "js": {
      "time": 19.210292,
      "ops": 3123325.7672501802
    },
    "rust": {
      "time": 26.634459,
      "ops": 2252720.808032932
    }
  },
  "jsonData": {
    "js": {
      "time": 14.4205,
      "ops": 693457.2310252765
    },
    "rust": {
      "time": 22.521875,
      "ops": 444012.7653670043
    }
  },
  "mixedTexts": {
    "js": {
      "time": 145.880917,
      "ops": 685490.618351405
    },
    "rust": {
      "time": 211.210584,
      "ops": 473461.121626367
    }
  }
}